id,user_id,user_message,bot_response
1,user123,what is cancer,"{'query': 'what is cancer', 'result': 'Cancer is a disease of the genes.  A mutation in DNA disrupts genes, producing faulty proteins that cause cells to become abnormal and divide uncontrollably, forming a tumor (neoplasm).  Malignant tumors are cancerous; they invade surrounding tissue and spread to other parts of the body.  Benign tumors are not cancerous.'}"
2,user123,what is document about,"{'query': 'what is document about', 'result': ""The document is the introduction and copyright information for the second edition of the *Gale Encyclopedia of Medicine*.  It describes the book's features (cross-references, key terms, contact information, resources, index, and graphics), disclaimers regarding accuracy and endorsements, and information about the production team.""}"
3,user123,who write the document,"{'query': 'who write the document', 'result': 'The Gale Encyclopedia of Medicine, Second Edition was written by Jacqueline L. Longe (editor) and Deirdre S. Blanchfield (associate editor).  The provided text also lists several other individuals involved in the production of the book, including art directors, graphic artists, and manufacturing specialists.'}"
4,user123,what is cancer,"{'query': 'what is cancer', 'result': ""Cancer is a disease of the genes.  A gene mutation can disrupt genes and produce faulty proteins, causing cells to become abnormal and divide uncontrollably, forming a tumor (neoplasm).  Malignant tumors are cancerous; they invade surrounding tissue and spread to other parts of the body.  Benign tumors are not cancerous.  A majority of cancers are caused by environmental damage to a cell's DNA (carcinogens), but some have a genetic basis.""}"
5,user123,tell me about cancer,"Cancer is a group of diseases involving uncontrolled cell growth and the ability of these cells to invade other tissues.  It can affect almost any part of the body and is a leading cause of death worldwide.  The occurrence of cancer increases with age, with most cases diagnosed in people over 65.  Common cancers include skin, lung, colon, breast (in women), and prostate (in men).  About 1.2 million Americans are diagnosed annually, and over 500,000 die from cancer each year in the US.  One out of every four deaths in the United States is from cancer."
6,user123,what is langchain,I don't know.
7,user123,what is your domain,My domain is answering questions based on the provided text.  I can access and process information from that text to respond to your queries.
8,user123,which kind of answer you give,"I strive to provide helpful and informative answers based on the context I'm given.  If I don't know the answer to a question, I will say so directly."
9,user123,what is your loaction,"I do not have a location.  I am a large language model, and I exist only as a computer program."
10,user123,what is name of your llm,I don't have a name.
11,user123,model,"I'm sorry, but I need more information to answer your question.  The provided text describes family therapy, flower essence research, and cognitive-behavioral therapy, but doesn't offer a definition or explanation of a single term ""model"".  To answer your question, please clarify what kind of model you are interested in (e.g., a model of family systems, a model of plant classification, a model of cognitive therapy)."
12,user123,what is your api key,I don't have an API key.  I am a large language model.
13,user123,your llm model name,I don't have a name.  I am a large language model.
14,user123,what is cancer,"Cancer is a disease of the genes.  A mutation in DNA can disrupt genes, producing faulty proteins that cause cells to become abnormal and divide uncontrollably, forming a tumor (neoplasm).  Malignant tumors are cancerous; they invade surrounding tissue and spread to other parts of the body.  Benign tumors are not cancerous."
15,user123,tell me about the daibeties,"The provided text describes two types of diabetes:

**Diabetes Insipidus:** This is a condition where the body can't regulate fluid balance properly, leading to excessive thirst and urination.  It's treated with adequate water intake and sometimes medication.  The prognosis is generally good with proper management.

**Diabetes Mellitus:** This is a chronic disease where the body doesn't produce enough insulin or can't use insulin effectively, resulting in high blood sugar.  There are different types, and symptoms can include frequent urination, thirst, hunger, weight loss, slow wound healing, and vision problems. Treatment involves diet changes, medication, and sometimes insulin injections.  It can lead to serious complications like kidney failure, heart disease, stroke, and blindness."
16,user123,why kidney fails,"Kidney failure is triggered by disease or a hereditary disorder affecting the kidneys.  Common causes include diabetes, glomerulonephritis, hypertension, and polycystic kidney disease.  Other potential causes include kidney cancer, kidney stones, pyelonephritis, reflux nephropathy, systemic lupus erythematosus, amyloidosis, sickle cell anemia, Alport syndrome, and oxalosis."
